"name","int","float","date","datetime","timestamp"
"name1","1","1.5","2023-01-02","2023-01-02 01:01:01","2023-01-02 09:01:01"
"name2","2","2.5","2023-01-03","2023-01-03 02:02:02","2023-01-03 10:02:02"
"name3","3","3.5","2023-01-04","2023-01-04 03:03:03","2023-01-04 11:03:03"
"name4","4","4.5","2023-01-05","2023-01-05 04:04:04","2023-01-05 12:04:04"
"name5","5","5.5","2023-01-06","2023-01-06 05:05:05","2023-01-06 13:05:05"
"name6","6","6.5","2023-01-07","2023-01-07 06:06:06","2023-01-07 14:06:06"
"name7","7","7.5","2023-01-08","2023-01-08 07:07:07","2023-01-08 15:07:07"
"name8","8","8.5","2023-01-09","2023-01-09 08:08:08","2023-01-09 16:08:08"
"name9","9","9.5","2023-01-10","2023-01-10 09:09:09","2023-01-10 17:09:09"
"name10","10","10.5","2023-01-11","2023-01-11 10:10:10","2023-01-11 18:10:10"
"name11","11","11.5","2023-01-12","2023-01-12 11:11:11","2023-01-12 19:11:11"
"name12","12","12.5","2023-01-13","2023-01-13 12:12:12","2023-01-13 20:12:12"
"name130","1","13.5","2020-01-14","2020-01-14 13:13:13","2020-01-15 05:13:13"
"name140","4","14.1","2023-01-15","2023-11-15 14:14:14","2023-02-16 06:14:14"
"name14","14","14.5","2023-01-15","2023-01-15 14:14:14","2023-01-15 22:14:14"
"name15","15","15.5","2023-01-16","2023-01-16 15:15:15","2023-01-16 23:15:15"
"name16","16","16.5","2023-01-17","2023-01-17 16:16:16","2023-01-18 00:16:16"
"name17","17","17.5","2023-01-18","2023-01-18 17:17:17","2023-01-19 01:17:17"
"name18","18","18.5","2023-01-19","2023-01-19 18:18:18","2023-01-20 02:18:18"
"name150","5","19.5","2123-01-16","2013-01-16 15:10:15","2023-01-17 07:15:15"
"name20","20","20.5","2023-01-21","2023-01-21 20:20:20","2023-01-22 04:20:20"
"name120","12","22.5","2021-01-13","2021-01-13 12:12:12","2021-01-14 04:12:12"
